{
  "openapi": "3.0.3",
  "info": {
    "title": "MailForge API",
    "version": "1.3.0"
  },
  "paths": {
    "/api/auth/login": { "post": { "summary": "Login", "responses": { "200": { "description": "OK" } } } },
    "/api/auth/refresh": { "post": { "summary": "Refresh JWT", "responses": { "200": { "description": "OK" } } } },
    "/api/me": { "get": { "summary": "Current user", "responses": { "200": { "description": "OK" } } } },
    "/api/admin/users": {
      "get": { "summary": "List users", "responses": { "200": { "description": "OK" } } },
      "post": { "summary": "Create user", "responses": { "200": { "description": "OK" } } }
    },
    "/api/admin/users/{id}": {
      "put": { "summary": "Update user", "responses": { "200": { "description": "OK" } } },
      "delete": { "summary": "Delete user", "responses": { "200": { "description": "OK" } } }
    },
    "/api/admin/logs": { "get": { "summary": "Activity logs", "responses": { "200": { "description": "OK" } } } },
    "/api/contacts/import": {
      "post": { "summary": "Import contacts", "responses": { "200": { "description": "OK" } } }
    },
    "/api/contacts/create": {
      "post": { "summary": "Create contact", "responses": { "200": { "description": "OK" } } }
    },
    "/api/templates/save": { "post": { "summary": "Save template", "responses": { "200": { "description": "OK" } } } },
    "/api/templates/list": { "get": { "summary": "List templates", "responses": { "200": { "description": "OK" } } } },
    "/api/campaigns/create": {
      "post": { "summary": "Create campaign and enqueue", "responses": { "200": { "description": "OK" } } }
    },
    "/api/track/open": { "get": { "summary": "Open pixel", "responses": { "200": { "description": "PNG" } } } },
    "/api/track/click": {
      "get": { "summary": "Click redirect", "responses": { "302": { "description": "Redirect" } } }
    },
    "/api/unsubscribe": { "post": { "summary": "Unsubscribe", "responses": { "200": { "description": "OK" } } } },
    "/api/settings/smtp": {
      "post": { "summary": "Save SMTP settings", "responses": { "200": { "description": "OK" } } }
    },
    "/api/settings/test-email": {
      "post": { "summary": "Send test email", "responses": { "200": { "description": "OK" } } }
    },
    "/api/settings/dkim/generate": {
      "post": { "summary": "Generate DKIM keys", "responses": { "200": { "description": "OK" } } }
    },
    "/api/metrics/summary": {
      "get": { "summary": "Metrics summary", "responses": { "200": { "description": "OK" } } }
    },
    "/api/cron/queue": {
      "get": { "summary": "Process queue (cron)", "responses": { "200": { "description": "OK" } } }
    },
    "/api/verification": {
      "get": { "summary": "Double opt-in verification", "responses": { "302": { "description": "Redirect" } } }
    }
  }
}
